-- MySQL dump 10.13  Distrib 8.0.34, for Win64 (x86_64)
--
-- Host: localhost    Database: actionplan
-- ------------------------------------------------------
-- Server version	8.0.34

/*!40101 SET @OLD_CHARACTER_SET_CLIENT=@@CHARACTER_SET_CLIENT */;
/*!40101 SET @OLD_CHARACTER_SET_RESULTS=@@CHARACTER_SET_RESULTS */;
/*!40101 SET @OLD_COLLATION_CONNECTION=@@COLLATION_CONNECTION */;
/*!50503 SET NAMES utf8 */;
/*!40103 SET @OLD_TIME_ZONE=@@TIME_ZONE */;
/*!40103 SET TIME_ZONE='+00:00' */;
/*!40014 SET @OLD_UNIQUE_CHECKS=@@UNIQUE_CHECKS, UNIQUE_CHECKS=0 */;
/*!40014 SET @OLD_FOREIGN_KEY_CHECKS=@@FOREIGN_KEY_CHECKS, FOREIGN_KEY_CHECKS=0 */;
/*!40101 SET @OLD_SQL_MODE=@@SQL_MODE, SQL_MODE='NO_AUTO_VALUE_ON_ZERO' */;
/*!40111 SET @OLD_SQL_NOTES=@@SQL_NOTES, SQL_NOTES=0 */;

--
-- Table structure for table `actionplan_backend_brca1breast`
--

DROP TABLE IF EXISTS `actionplan_backend_brca1breast`;
/*!40101 SET @saved_cs_client     = @@character_set_client */;
/*!50503 SET character_set_client = utf8mb4 */;
CREATE TABLE `actionplan_backend_brca1breast` (
  `id` bigint NOT NULL AUTO_INCREMENT,
  `age` int DEFAULT NULL,
  `averageTen` decimal(20,10) DEFAULT NULL,
  `lowerCentile` decimal(20,10) DEFAULT NULL,
  `upperCentile` decimal(20,10) DEFAULT NULL,
  `averageLifetime` decimal(20,10) DEFAULT NULL,
  `lowerCentileLifetime` decimal(20,10) DEFAULT NULL,
  `upperCentileLifetime` decimal(20,10) DEFAULT NULL,
  `residualLifetime` decimal(20,10) DEFAULT NULL,
  PRIMARY KEY (`id`),
  UNIQUE KEY `actionplan_backend_brca1breast_age_b4dcadc9_uniq` (`age`)
) ENGINE=InnoDB AUTO_INCREMENT=68 DEFAULT CHARSET=utf8mb4 COLLATE=utf8mb4_0900_ai_ci;
/*!40101 SET character_set_client = @saved_cs_client */;

--
-- Dumping data for table `actionplan_backend_brca1breast`
--

LOCK TABLES `actionplan_backend_brca1breast` WRITE;
/*!40000 ALTER TABLE `actionplan_backend_brca1breast` DISABLE KEYS */;
INSERT INTO `actionplan_backend_brca1breast` VALUES (7,20,5.2697780000,2.7591920000,8.4984360000,0.0010750000,0.0010750000,0.0010750000,67.9449170000),(8,21,6.7051650000,4.0912870000,9.9570410000,0.5399080000,0.2794060000,0.8842090000,67.4060840000),(9,22,8.1022780000,5.3974560000,11.3634780000,1.0769010000,0.5580320000,1.7606000000,66.8690910000),(10,23,9.4619620000,6.6781400000,12.7192150000,1.6109950000,0.8358790000,2.6292410000,66.3349970000),(11,24,10.7850400000,7.9337730000,14.0256790000,2.1422060000,1.1129490000,3.4902020000,65.8037860000),(12,25,12.0723210000,9.1647790000,15.2842600000,2.6705480000,1.3892460000,4.3435500000,65.2754440000),(13,26,13.3245950000,10.3715770000,16.4963130000,3.1960380000,1.6647700000,5.1893530000,64.7499540000),(14,27,14.5426380000,11.5545800000,17.6631560000,3.7186900000,1.9395250000,6.0276770000,64.2273020000),(15,28,15.7272050000,12.7141930000,18.7860700000,4.2385210000,2.2135120000,6.8585890000,63.7074710000),(16,29,16.8790390000,13.8508120000,19.8663050000,4.7555450000,2.4867330000,7.6821540000,63.1904470000),(17,30,17.9988660000,14.9648310000,20.9050780000,5.2697780000,2.7591920000,8.4984360000,62.6762140000),(18,31,17.8983020000,14.9563690000,20.6743360000,7.2450730000,4.3706930000,10.8412500000,60.7009190000),(19,32,17.7931210000,14.9433800000,20.4403920000,9.1791800000,5.9554880000,13.1240780000,58.7668120000),(20,33,17.6835860000,14.9260300000,20.2036000000,11.0729570000,7.5140190000,15.3484560000,56.8730350000),(21,34,17.5699450000,14.9044800000,19.9642970000,12.9272450000,9.0467220000,17.5158810000,55.0187470000),(22,35,17.4524420000,14.8788880000,19.7228050000,14.7428690000,10.5540240000,19.6278110000,53.2031230000),(23,36,17.3313090000,14.8494060000,19.4794280000,16.5206330000,12.0363480000,21.6856670000,51.4253590000),(24,37,17.2067690000,14.8161830000,19.2344560000,18.2613280000,13.4941050000,23.6908330000,49.6846640000),(25,38,17.0790400000,14.7793630000,18.9881640000,19.9657260000,14.9277050000,25.6446590000,47.9802660000),(26,39,16.9483290000,14.7390870000,18.7408120000,21.6345840000,16.3375460000,27.5484590000,46.3114080000),(27,40,16.8148360000,14.6954910000,18.4926490000,23.2686440000,17.7240230000,29.4035140000,44.6773480000),(28,41,16.3415520000,14.2494100000,17.9748220000,25.1433750000,19.3270620000,31.5155860000,42.8026180000),(29,42,15.8812920000,13.8147550000,17.4714030000,26.9723010000,20.8988670000,33.5644700000,40.9736910000),(30,43,15.4337040000,13.3912570000,16.9819950000,28.7565430000,22.4400490000,35.5520560000,39.1894490000),(31,44,14.9984460000,12.9786530000,16.5062100000,30.4971910000,23.9512020000,37.4801780000,37.4488010000),(32,45,14.5751820000,12.5766840000,16.0436710000,32.1953110000,25.4329130000,39.3506160000,35.7506810000),(33,46,14.1635890000,12.1851000000,15.5940130000,33.8519420000,26.8857540000,41.1650950000,34.0940500000),(34,47,13.7633500000,11.8036540000,15.1568800000,35.4680970000,28.3102880000,42.9252890000,32.4778950000),(35,48,13.3741570000,11.4321060000,14.7319260000,37.0447660000,29.7070680000,44.6328230000,30.9012260000),(36,49,12.9957100000,11.0702210000,14.3188130000,38.5829130000,31.0766330000,46.2892710000,29.3630790000),(37,50,12.6277190000,10.7177680000,13.9172130000,40.0834790000,32.4195140000,47.8961630000,27.8625130000),(38,51,12.2685520000,10.2947660000,13.6026910000,41.4849260000,33.5764720000,49.4904080000,26.4610660000),(39,52,11.9191910000,9.8820980000,13.2940610000,42.8535930000,34.7136220000,51.0358730000,25.0923990000),(40,53,11.5793770000,9.4795450000,12.9912700000,44.1902470000,35.8313060000,52.5340500000,23.7557450000),(41,54,11.2488560000,9.0868970000,12.6942590000,45.4956370000,36.9298550000,53.9863880000,22.4503560000),(42,55,10.9273820000,8.7039440000,12.4029690000,46.7704930000,38.0095970000,55.3942870000,21.1754990000),(43,56,10.6147130000,8.3304820000,12.1173360000,48.0155310000,39.0708540000,56.7591080000,19.9304610000),(44,57,10.3106160000,7.9663110000,11.8372970000,49.2314470000,40.1139420000,58.0821700000,18.7145450000),(45,58,10.0148620000,7.6112340000,11.5627860000,50.4189230000,41.1391740000,59.3647490000,17.5270690000),(46,59,9.7272280000,7.2650580000,11.2937370000,51.5786240000,42.1468540000,60.6080840000,16.3673690000),(47,60,9.4474990000,6.9275960000,11.0300790000,52.7111990000,43.1372820000,61.8133760000,15.2347930000),(48,61,9.0281230000,6.4194200000,10.7225330000,53.7534780000,43.8712380000,63.0930980000,14.1925140000),(49,62,8.6214650000,5.9196970000,10.4230700000,54.7727840000,44.5957200000,64.3299340000,13.1732080000),(50,63,8.2271890000,5.4283100000,10.1314990000,55.7696240000,45.3108510000,65.5253210000,12.1763680000),(51,64,7.8449650000,4.9451410000,9.8476330000,56.7444930000,46.0167520000,66.6806470000,11.2014990000),(52,65,7.4744720000,4.4700760000,9.5712870000,57.6978750000,46.7135410000,67.7972560000,10.2481170000),(53,66,7.1153980000,4.0030030000,9.3022810000,58.6302440000,47.4013360000,68.8764440000,9.3157480000),(54,67,6.7674370000,3.5438090000,9.0404370000,59.5420630000,48.0802530000,69.9194670000,8.4039290000),(55,68,6.4302920000,3.0923850000,8.7855820000,60.4337840000,48.7504080000,70.9275350000,7.5122080000),(56,69,6.1036710000,2.6486220000,8.5375450000,61.3058520000,49.4119120000,71.9018210000,6.6401400000),(57,70,5.7872940000,2.2124130000,8.2961600000,62.1586980000,50.0648780000,72.8434560000,5.7872940000),(58,71,5.6920300000,2.2024100000,7.9991670000,62.7816000000,50.2906580000,73.8156310000,5.1643920000),(59,72,5.5983340000,2.1924520000,7.7128050000,63.3942490000,50.5154180000,74.7530040000,4.5517430000),(60,73,5.5061800000,2.1825390000,7.4366950000,63.9968130000,50.7391610000,75.6568200000,3.9491790000),(61,74,5.4155430000,2.1726700000,7.1704690000,64.5894580000,50.9618920000,76.5282800000,3.3565340000),(62,75,5.3263990000,2.1628470000,6.9137740000,65.1723470000,51.1836170000,77.3685430000,2.7736450000),(63,76,5.2387210000,2.1530670000,6.6662680000,65.7456420000,51.4043390000,78.1787250000,2.2003500000),(64,77,5.1524870000,2.1433320000,6.4276220000,66.3095000000,51.6240620000,78.9599040000,1.6364920000),(65,78,5.0676730000,2.1336410000,6.1975200000,66.8640760000,51.8427930000,79.7131170000,1.0819160000),(66,79,4.9842540000,2.1239940000,5.9756560000,67.4095230000,52.0605340000,80.4393660000,0.5364690000),(67,80,4.9022090000,2.1143910000,5.7617330000,67.9459920000,52.2772910000,81.1396160000,0.0000000000);
/*!40000 ALTER TABLE `actionplan_backend_brca1breast` ENABLE KEYS */;
UNLOCK TABLES;

--
-- Table structure for table `actionplan_backend_brca1ovarine`
--

DROP TABLE IF EXISTS `actionplan_backend_brca1ovarine`;
/*!40101 SET @saved_cs_client     = @@character_set_client */;
/*!50503 SET character_set_client = utf8mb4 */;
CREATE TABLE `actionplan_backend_brca1ovarine` (
  `id` bigint NOT NULL AUTO_INCREMENT,
  `age` int DEFAULT NULL,
  `averageTen` decimal(20,10) DEFAULT NULL,
  `lowerCentile` decimal(20,10) DEFAULT NULL,
  `upperCentile` decimal(20,10) DEFAULT NULL,
  `averageLifetime` decimal(20,10) DEFAULT NULL,
  `lowerCentileLifetime` decimal(20,10) DEFAULT NULL,
  `upperCentileLifetime` decimal(20,10) DEFAULT NULL,
  `residualLifetime` decimal(20,10) DEFAULT NULL,
  PRIMARY KEY (`id`)
) ENGINE=InnoDB AUTO_INCREMENT=62 DEFAULT CHARSET=utf8mb4 COLLATE=utf8mb4_0900_ai_ci;
/*!40101 SET character_set_client = @saved_cs_client */;

--
-- Dumping data for table `actionplan_backend_brca1ovarine`
--

LOCK TABLES `actionplan_backend_brca1ovarine` WRITE;
/*!40000 ALTER TABLE `actionplan_backend_brca1ovarine` DISABLE KEYS */;
INSERT INTO `actionplan_backend_brca1ovarine` VALUES (1,20,0.0710590000,0.0000000000,0.0010000000,0.0014210000,0.0127930000,0.0000000000,44.1828710000),(2,21,0.2520540000,0.0871330000,0.3109860000,0.0018950000,0.0146260000,0.0001000000,44.1823970000),(3,22,0.4327190000,0.1741910000,0.6200100000,0.0023690000,0.0164580000,0.0002000000,44.1819230000),(4,23,0.6067840000,0.2611730000,0.9280760000,0.0091140000,0.0182900000,0.0003000000,44.1751780000),(5,24,0.7805200000,0.3480790000,1.2351860000,0.0158590000,0.0201220000,0.0004000000,44.1684320000),(6,25,0.9539300000,0.4349090000,1.5413440000,0.0226040000,0.0221460000,0.0005000000,44.1616880000),(7,26,1.1270120000,0.5216630000,1.8465520000,0.0293480000,0.0241690000,0.0006000000,44.1549430000),(8,27,1.2997690000,0.6083420000,2.1508130000,0.0360920000,0.0261920000,0.0007000000,44.1482000000),(9,28,1.4722000000,0.6949460000,2.4541300000,0.0428360000,0.0282150000,0.0008000000,44.1414560000),(10,29,1.6443060000,0.7814740000,2.7565070000,0.0495790000,0.0302380000,0.0009000000,44.1347130000),(11,30,1.7999280000,0.8679260000,3.0579460000,0.0724800000,0.0332600000,0.0010000000,44.1118120000),(12,31,2.3079070000,1.2321570000,3.7194310000,0.2539490000,0.0871330000,0.3110860000,43.9303430000),(13,32,2.8113700000,1.5944090000,4.3721410000,0.4350880000,0.1741910000,0.6202100000,43.7492040000),(14,33,3.3103530000,1.9546910000,5.0161690000,0.6158980000,0.2611730000,0.9283760000,43.5683940000),(15,34,3.8048880000,2.3130120000,5.6516100000,0.7963800000,0.3480790000,1.2355860000,43.3879120000),(16,35,4.2950070000,2.6693820000,6.2785560000,0.9765340000,0.4349090000,1.5418440000,43.2077580000),(17,36,4.7807450000,3.0238100000,6.8970990000,1.1563610000,0.5216630000,1.8471520000,43.0279310000),(18,37,5.2621330000,3.3763040000,7.5073290000,1.3358610000,0.6083420000,2.1515130000,42.8484310000),(19,38,5.7392030000,3.7268740000,8.1093370000,1.5150350000,0.6949460000,2.4549300000,42.6692570000),(20,39,6.2119880000,4.0755290000,8.7032110000,1.6938840000,0.7814740000,2.7574070000,42.4904080000),(21,40,6.6805200000,4.4222780000,9.2890400000,1.8724080000,0.8679260000,3.0589460000,42.3118830000),(22,41,7.2490140000,4.8079710000,10.0465450000,2.5618550000,1.3192910000,4.0305170000,41.6224370000),(23,42,7.8050480000,5.1883200000,10.7796780000,3.2464580000,1.7686000000,4.9923510000,40.9378340000),(24,43,8.3488260000,5.5633830000,11.4890160000,3.9262510000,2.2158640000,5.9445450000,40.2580410000),(25,44,8.8805490000,5.9332140000,12.1751200000,4.6012670000,2.6610910000,6.8871960000,39.5830250000),(26,45,9.4004140000,6.2978690000,12.8385420000,5.2715410000,3.1042910000,7.8204000000,38.9127510000),(27,46,9.9086180000,6.6574010000,13.4798200000,5.9371060000,3.5454730000,8.7442500000,38.2471860000),(28,47,10.4053520000,7.0118660000,14.0994830000,6.5979940000,3.9846460000,9.6588420000,37.5862980000),(29,48,10.8908040000,7.3613160000,14.6980470000,7.2542390000,4.4218200000,10.5642670000,36.9300530000),(30,49,11.3651630000,7.7058050000,15.2760170000,7.9058730000,4.8570030000,11.4606180000,36.2784190000),(31,50,11.8286110000,8.0453840000,15.8338860000,8.5529280000,5.2902050000,12.3479860000,35.6313640000),(32,51,12.9086640000,8.8485950000,17.1196650000,9.8108690000,6.1272620000,14.0770620000,34.3734230000),(33,52,13.9373670000,9.6281600000,18.3129910000,11.0515060000,6.9569200000,15.7720290000,33.1327860000),(34,53,14.9164970000,10.3846000000,19.4185060000,12.2750770000,7.7792470000,17.4335610000,31.9092150000),(35,54,15.8477750000,11.1184270000,20.4406390000,13.4818160000,8.5943050000,19.0623160000,30.7024760000),(36,55,16.7328710000,11.8301420000,21.3836210000,14.6719560000,9.4021600000,20.6589410000,29.5123360000),(37,56,17.5733990000,12.5202370000,22.2514880000,15.8457240000,10.2028750000,22.2240710000,28.3385680000),(38,57,18.3709240000,13.1891930000,23.0480950000,17.0033450000,10.9965130000,23.7583250000,27.1809460000),(39,58,19.1269600000,13.8374810000,23.7771200000,18.1450430000,11.7831360000,25.2623140000,26.0392490000),(40,59,19.8429740000,14.4655630000,24.4420740000,19.2710350000,12.5628080000,26.7366350000,24.9132570000),(41,60,20.5203860000,15.0738920000,25.0463070000,20.3815390000,13.3355880000,28.1818720000,23.8027530000),(42,61,18.5191330000,13.4832200000,22.7711680000,22.7195330000,14.9758570000,31.1967270000,21.4647580000),(43,62,16.5846160000,11.9235580000,20.6108900000,24.9888730000,16.5850800000,34.0850210000,19.1954190000),(44,63,14.7148300000,10.3943200000,18.5603460000,27.1915730000,18.1638460000,36.8520670000,16.9927190000),(45,64,12.9078290000,8.8949280000,16.6146280000,29.3295920000,19.7127320000,39.5029550000,14.8547000000),(46,65,11.1617260000,7.4248160000,14.7690400000,31.4048270000,21.2323020000,42.0425620000,12.7794650000),(47,66,9.4746860000,5.9834310000,13.0190850000,33.4191230000,22.7231120000,44.4755580000,10.7651690000),(48,67,7.8449310000,4.5702280000,11.3604630000,35.3742690000,24.1857050000,46.8064200000,8.8100230000),(49,68,6.2707350000,3.1846730000,9.7890560000,37.2720030000,25.6206170000,49.0394340000,6.9122890000),(50,69,4.7504220000,1.8262410000,8.3009260000,39.1140090000,27.0283710000,51.1787090000,5.0702830000),(51,70,3.2823670000,0.4944200000,6.8923020000,40.9019250000,28.4094800000,53.2281790000,3.2823670000),(52,71,3.2636640000,0.4940770000,6.7832970000,41.2386660000,28.4590770000,53.9678940000,2.9456260000),(53,72,3.2450670000,0.4937350000,6.6760170000,41.5734890000,28.5086380000,54.6959100000,2.6108030000),(54,73,3.2265770000,0.4933930000,6.5704330000,41.9064030000,28.5581660000,55.4124130000,2.2778890000),(55,74,3.2081920000,0.4930510000,6.4665190000,42.2374210000,28.6076590000,56.1175840000,1.9468710000),(56,75,3.1899120000,0.4927090000,6.3642480000,42.5665520000,28.6571180000,56.8116020000,1.6177390000),(57,76,3.1717360000,0.4923680000,6.2635950000,42.8938090000,28.7065430000,57.4946440000,1.2904830000),(58,77,3.1536630000,0.4920270000,6.1645340000,43.2192000000,28.7559330000,58.1668830000,0.9650920000),(59,78,3.1356930000,0.4916860000,6.0670390000,43.5427370000,28.8052900000,58.8284910000,0.6415550000),(60,79,3.1178260000,0.4913450000,5.9710860000,43.8644310000,28.8546120000,59.4796350000,0.3198610000),(61,80,3.1000610000,0.4910050000,5.8766510000,44.1842920000,28.9039000000,60.1204810000,0.0000000000);
/*!40000 ALTER TABLE `actionplan_backend_brca1ovarine` ENABLE KEYS */;
UNLOCK TABLES;

--
-- Table structure for table `actionplan_backend_brca2breast`
--

DROP TABLE IF EXISTS `actionplan_backend_brca2breast`;
/*!40101 SET @saved_cs_client     = @@character_set_client */;
/*!50503 SET character_set_client = utf8mb4 */;
CREATE TABLE `actionplan_backend_brca2breast` (
  `id` bigint NOT NULL AUTO_INCREMENT,
  `age` int DEFAULT NULL,
  `averageTen` decimal(20,10) DEFAULT NULL,
  `lowerCentile` decimal(20,10) DEFAULT NULL,
  `upperCentile` decimal(20,10) DEFAULT NULL,
  `averageLifetime` decimal(20,10) DEFAULT NULL,
  `lowerCentileLifetime` decimal(20,10) DEFAULT NULL,
  `upperCentileLifetime` decimal(20,10) DEFAULT NULL,
  `residualLifetime` decimal(20,10) DEFAULT NULL,
  PRIMARY KEY (`id`)
) ENGINE=InnoDB AUTO_INCREMENT=62 DEFAULT CHARSET=utf8mb4 COLLATE=utf8mb4_0900_ai_ci;
/*!40101 SET character_set_client = @saved_cs_client */;

--
-- Dumping data for table `actionplan_backend_brca2breast`
--

LOCK TABLES `actionplan_backend_brca2breast` WRITE;
/*!40000 ALTER TABLE `actionplan_backend_brca2breast` DISABLE KEYS */;
INSERT INTO `actionplan_backend_brca2breast` VALUES (1,20,3.7554230000,1.0380080000,8.0511410000,0.0010750000,0.0010750000,0.0010750000,63.9004010000),(2,21,4.1368330000,1.3918830000,8.3279890000,0.3820440000,0.1042890000,0.8358640000,63.5194320000),(3,22,4.5136460000,1.7437450000,8.5983580000,0.7626280000,0.2084690000,1.6647400000,63.1388480000),(4,23,4.8859060000,2.0936050000,8.8623530000,1.1417590000,0.3125410000,2.4866890000,62.7597180000),(5,24,5.2536530000,2.4414710000,9.1200770000,1.5194410000,0.4165040000,3.3017670000,62.3820360000),(6,25,5.6169310000,2.7873540000,9.3716310000,1.8956800000,0.5203580000,4.1100320000,62.0057970000),(7,26,5.9757790000,3.1312640000,9.6171160000,2.2704810000,0.6241040000,4.9115420000,61.6309950000),(8,27,6.3302400000,3.4732080000,9.8566300000,2.6438510000,0.7277420000,5.7063510000,61.2576250000),(9,28,6.6803540000,3.8131990000,10.0902720000,3.0157940000,0.8312720000,6.4945180000,60.8856820000),(10,29,7.0261610000,4.1512430000,10.3181350000,3.3863160000,0.9346940000,7.2760960000,60.5151600000),(11,30,7.3677010000,4.4873520000,10.5403170000,3.7554230000,1.0380080000,8.0511410000,60.1460530000),(12,31,8.4999900000,5.5340270000,11.6654420000,4.5188770000,1.4961720000,9.1638520000,59.3825990000),(13,32,9.5978990000,6.5588530000,12.7425160000,5.2762750000,1.9522140000,10.2630980000,58.6252020000),(14,33,10.6622420000,7.5622020000,13.7730680000,6.0276640000,2.4061450000,11.3490420000,57.8738120000),(15,34,11.6938160000,8.5444410000,14.7585820000,6.7730940000,2.8579750000,12.4218440000,57.1283820000),(16,35,12.6933990000,9.5059290000,15.7004970000,7.5126100000,3.3077120000,13.4816630000,56.3888660000),(17,36,13.6617540000,10.4470210000,16.6002110000,8.2462600000,3.7553680000,14.5286580000,55.6552160000),(18,37,14.5996240000,11.3680640000,17.4590830000,8.9740910000,4.2009510000,15.5629820000,54.9273850000),(19,38,15.5077390000,12.2694020000,18.2784290000,9.6961480000,4.6444710000,16.5847890000,54.2053280000),(20,39,16.3868100000,13.1513720000,19.0595300000,10.4124770000,5.0859380000,17.5942310000,53.4889990000),(21,40,17.2375330000,14.0143050000,19.8036260000,11.1231240000,5.5253600000,18.5914580000,52.7783520000),(22,41,17.0085060000,13.8109610000,19.5118050000,13.0188670000,7.0301990000,20.8292940000,50.8826090000),(23,42,16.7811380000,13.6105330000,19.2200270000,14.8741730000,8.5110670000,23.0056140000,49.0273030000),(24,43,16.5554690000,13.4129820000,18.9285440000,16.6899060000,9.9683480000,25.1221100000,47.2115700000),(25,44,16.3315360000,13.2182660000,18.6375920000,18.4669090000,11.4024160000,27.1804250000,45.4345670000),(26,45,16.1093740000,13.0263450000,18.3473920000,20.2060090000,12.8136420000,29.1821600000,43.6954670000),(27,46,15.8890150000,12.8371810000,18.0581530000,21.9080140000,14.2023890000,31.1288690000,41.9934620000),(28,47,15.6704880000,12.6507320000,17.7700700000,23.5737150000,15.5690150000,33.0220650000,40.3277610000),(29,48,15.4538220000,12.4669620000,17.4833250000,25.2038870000,16.9138730000,34.8632190000,38.6975890000),(30,49,15.2390420000,12.2858330000,17.1980900000,26.7992870000,18.2373100000,36.6537610000,37.1021890000),(31,50,15.0261710000,12.1073060000,16.9145240000,28.3606570000,19.5396660000,38.3950830000,35.5408190000),(32,51,14.6415400000,11.6571660000,16.5661390000,30.0273730000,20.8411590000,40.3410980000,33.8741040000),(33,52,14.2666510000,11.2174740000,16.2221110000,31.6553110000,22.1216000000,42.2256410000,32.2461650000),(34,53,13.9012590000,10.7880230000,15.8825430000,33.2453750000,23.3813300000,44.0506540000,30.6561010000),(35,54,13.5451270000,10.3686070000,15.5475210000,34.7984460000,24.6206820000,45.8180180000,29.1030310000),(36,55,13.1980210000,9.9590260000,15.2171230000,36.3153830000,25.8399870000,47.5295520000,27.5860930000),(37,56,12.8597150000,9.5590820000,14.8914160000,37.7970290000,27.0395690000,49.1870220000,26.1044470000),(38,57,12.5299870000,9.1685830000,14.5704570000,39.2442040000,28.2197470000,50.7921340000,24.6572730000),(39,58,12.2086220000,8.7873390000,14.2542950000,40.6577090000,29.3808360000,52.3465430000,23.2437670000),(40,59,11.8954090000,8.4151620000,13.9429690000,42.0383290000,30.5231420000,53.8518510000,21.8631470000),(41,60,11.5901450000,8.0518710000,13.6365090000,43.3868280000,31.6469720000,55.3096080000,20.5146480000),(42,61,11.2918120000,7.6883170000,13.3471730000,44.6689120000,32.4983250000,56.9072370000,19.2325640000),(43,62,11.0010190000,7.3314210000,13.0598320000,45.9219620000,33.3390750000,58.4477530000,17.9795140000),(44,63,10.7175780000,6.9810830000,12.7747670000,47.1466340000,34.1693520000,59.9331970000,16.7548420000),(45,64,10.4413050000,6.6372030000,12.4922330000,48.3435730000,34.9892890000,61.3655380000,15.5579040000),(46,65,10.1720230000,6.2996850000,12.2124620000,49.5134040000,35.7990130000,62.7466750000,14.3880720000),(47,66,9.9095550000,5.9684320000,11.9356650000,50.6567440000,36.5986520000,64.0784380000,13.2447330000),(48,67,9.6537330000,5.6433510000,11.6620320000,51.7741900000,37.3883310000,65.3625920000,12.1272860000),(49,68,9.4043910000,5.3243460000,11.3917320000,52.8663310000,38.1681740000,66.6008390000,11.0351450000),(50,69,9.1613670000,5.0113270000,11.1249190000,53.9337390000,38.9383040000,67.7948190000,9.9677380000),(51,70,8.9245030000,4.7042020000,10.8617280000,54.9769730000,39.6988420000,68.9461170000,8.9245030000),(52,71,8.7295030000,4.6661480000,10.4041260000,55.9607250000,40.1866420000,70.2544100000,7.9407510000),(53,72,8.5387640000,4.6284020000,9.9658030000,56.9229810000,40.6704960000,71.5075850000,6.9784950000),(54,73,8.3521920000,4.5909610000,9.5459460000,57.8642130000,41.1504350000,72.7079640000,6.0372640000),(55,74,8.1696970000,4.5538230000,9.1437770000,58.7848780000,41.6264920000,73.8577710000,5.1165980000),(56,75,7.9911890000,4.5169850000,8.7585520000,59.6854270000,42.0986980000,74.9591370000,4.2160490000),(57,76,7.8165820000,4.4804450000,8.3895560000,60.5662990000,42.5670840000,76.0141030000,3.3351770000),(58,77,7.6457900000,4.4442010000,8.0361060000,61.4279240000,43.0316810000,77.0246230000,2.4735520000),(59,78,7.4787300000,4.4082500000,7.6975470000,62.2707220000,43.4925200000,77.9925710000,1.6307540000),(60,79,7.3153200000,4.3725900000,7.3732510000,63.0951060000,43.9496310000,78.9197390000,0.8063710000),(61,80,7.1554800000,4.3372190000,7.0626180000,63.9014760000,44.4030450000,79.8078450000,0.0000000000);
/*!40000 ALTER TABLE `actionplan_backend_brca2breast` ENABLE KEYS */;
UNLOCK TABLES;

--
-- Table structure for table `actionplan_backend_brca2ovarine`
--

DROP TABLE IF EXISTS `actionplan_backend_brca2ovarine`;
/*!40101 SET @saved_cs_client     = @@character_set_client */;
/*!50503 SET character_set_client = utf8mb4 */;
CREATE TABLE `actionplan_backend_brca2ovarine` (
  `id` bigint NOT NULL AUTO_INCREMENT,
  `age` int DEFAULT NULL,
  `averageTen` decimal(20,10) DEFAULT NULL,
  `lowerCentile` decimal(20,10) DEFAULT NULL,
  `upperCentile` decimal(20,10) DEFAULT NULL,
  `averageLifetime` decimal(20,10) DEFAULT NULL,
  `lowerCentileLifetime` decimal(20,10) DEFAULT NULL,
  `upperCentileLifetime` decimal(20,10) DEFAULT NULL,
  `residualLifetime` decimal(20,10) DEFAULT NULL,
  PRIMARY KEY (`id`)
) ENGINE=InnoDB AUTO_INCREMENT=62 DEFAULT CHARSET=utf8mb4 COLLATE=utf8mb4_0900_ai_ci;
/*!40101 SET character_set_client = @saved_cs_client */;

--
-- Dumping data for table `actionplan_backend_brca2ovarine`
--

LOCK TABLES `actionplan_backend_brca2ovarine` WRITE;
/*!40000 ALTER TABLE `actionplan_backend_brca2ovarine` DISABLE KEYS */;
INSERT INTO `actionplan_backend_brca2ovarine` VALUES (1,20,0.0000000000,0.0000000000,0.0000200000,0.0127930000,0.0000000000,0.0000000000,17.8284620000),(2,21,0.0000000000,0.0000000000,0.1249020000,0.0146260000,0.0000010000,0.0000020000,17.8266300000),(3,22,0.0000000000,0.0000000000,0.2496280000,0.0164580000,0.0000020000,0.0000040000,17.8247970000),(4,23,0.0000000000,0.0000000000,0.3741980000,0.0182900000,0.0000030000,0.0000060000,17.8229650000),(5,24,0.0170000000,0.0034370000,0.4986130000,0.0201220000,0.0000040000,0.0000080000,17.8211330000),(6,25,0.0339970000,0.0042930000,0.6228720000,0.0221460000,0.0000050000,0.0000100000,17.8191100000),(7,26,0.0509910000,0.0051500000,0.7469760000,0.0241690000,0.0000060000,0.0000120000,17.8170860000),(8,27,0.0679830000,0.0060060000,0.8709250000,0.0261920000,0.0000070000,0.0000140000,17.8150630000),(9,28,0.0849710000,0.0068630000,0.9947200000,0.0282150000,0.0000080000,0.0000160000,17.8130400000),(10,29,0.1019570000,0.0077200000,1.1183600000,0.0302380000,0.0000090000,0.0000180000,17.8110170000),(11,30,0.1357860000,0.0085760000,1.2418450000,0.0332600000,0.0000100000,0.0000200000,17.8079950000),(12,31,0.1696040000,0.0085760000,1.2402940000,0.0362830000,0.0008680000,0.1249040000,17.8049720000),(13,32,0.2034100000,0.0085760000,1.2387450000,0.0393050000,0.0017250000,0.2496320000,17.8019500000),(14,33,0.2372050000,0.0085760000,1.2371980000,0.0423270000,0.0025830000,0.3742040000,17.7989280000),(15,34,0.2539890000,0.0085760000,1.2356530000,0.0170000000,0.0034410000,0.4986210000,17.8242550000),(16,35,0.2707640000,0.0085760000,1.2341100000,0.0339970000,0.0042980000,0.6228820000,17.8072580000),(17,36,0.2875300000,0.0085760000,1.2325690000,0.0509910000,0.0051560000,0.7469880000,17.7902640000),(18,37,0.3042880000,0.0085760000,1.2310290000,0.0679830000,0.0060130000,0.8709390000,17.7732720000),(19,38,0.3210380000,0.0085760000,1.2294920000,0.0849710000,0.0068710000,0.9947360000,17.7562840000),(20,39,0.3377780000,0.0085750000,1.2279570000,0.1019570000,0.0077290000,1.1183780000,17.7392980000),(21,40,0.3376640000,0.0085750000,1.2264230000,0.1357860000,0.0085860000,1.2418650000,17.7054690000),(22,41,0.9541690000,0.3459170000,2.1464480000,0.1696040000,0.0094440000,1.3651980000,17.6716510000),(23,42,1.5664370000,0.6821140000,3.0554660000,0.2034100000,0.0103010000,1.4883770000,17.6378450000),(24,43,2.1744940000,1.0171710000,3.9535950000,0.2372050000,0.0111590000,1.6114020000,17.6040500000),(25,44,2.7783690000,1.3510920000,4.8409540000,0.2709890000,0.0120160000,1.7342740000,17.5702660000),(26,45,3.3780890000,1.6838800000,5.7176590000,0.3047610000,0.0128740000,1.8569920000,17.5364940000),(27,46,3.9736800000,2.0155400000,6.5838270000,0.3385220000,0.0137310000,1.9795570000,17.5027340000),(28,47,4.5651710000,2.3460750000,7.4395700000,0.3722710000,0.0145890000,2.1019690000,17.4689840000),(29,48,5.1525880000,2.6754890000,8.2850020000,0.4060090000,0.0154460000,2.2242280000,17.4352460000),(30,49,5.7359580000,3.0037860000,9.1202350000,0.4397350000,0.0163040000,2.3463340000,17.4015200000),(31,50,6.3153070000,3.3309700000,9.9453790000,0.4734500000,0.0171620000,2.4682880000,17.3678050000),(32,51,6.6219780000,3.4701490000,10.4335550000,1.1237730000,0.3553600000,3.5116460000,16.7174820000),(33,52,6.9230730000,3.6081140000,10.9061110000,1.7698470000,0.6924150000,4.5438430000,16.0714080000),(34,53,7.2186650000,3.7448740000,11.3633980000,2.4116990000,1.0283300000,5.5649970000,15.4295560000),(35,54,7.5088260000,3.8804350000,11.8057570000,3.0493580000,1.3631080000,6.5752280000,14.7918970000),(36,55,7.7936280000,4.0148050000,12.2335220000,3.6828500000,1.6967540000,7.5746510000,14.1584050000),(37,56,8.0731410000,4.1479930000,12.6470240000,4.3122020000,2.0292710000,8.5633840000,13.5290530000),(38,57,8.3474360000,4.2800050000,13.0465830000,4.9374420000,2.3606640000,9.5415390000,12.9038130000),(39,58,8.6165800000,4.4108490000,13.4325150000,5.5585970000,2.6909350000,10.5092300000,12.2826580000),(40,59,8.8806420000,4.5405320000,13.8051300000,6.1756930000,3.0200900000,11.4665690000,11.6655620000),(41,60,9.1396900000,4.6690630000,14.1647310000,6.7887570000,3.3481310000,12.4136670000,11.0524980000),(42,61,8.3759640000,4.1970510000,13.2546150000,7.7457510000,3.8255090000,13.9452000000,10.0955040000),(43,62,7.6216180000,3.7273960000,12.3660210000,8.6929200000,4.3005290000,15.4499540000,9.1483350000),(44,63,6.8765540000,3.2600870000,11.4985240000,9.6303640000,4.7732030000,16.9283950000,8.2108910000),(45,64,6.1406730000,2.7951130000,10.6517080000,10.5581840000,5.2435430000,18.3809850000,7.2830710000),(46,65,5.4138760000,2.3324610000,9.8251640000,11.4764780000,5.7115590000,19.8081740000,6.3647770000),(47,66,4.6960670000,1.8721200000,9.0184930000,12.3853440000,6.1772640000,21.2104070000,5.4559120000),(48,67,3.9871500000,1.4140800000,8.2313010000,13.2848780000,6.6406680000,22.5881220000,4.5563770000),(49,68,3.2870300000,0.9583270000,7.4632010000,14.1751770000,7.1017840000,23.9417450000,3.6660780000),(50,69,2.5956140000,0.5048520000,6.7138150000,15.0563350000,7.5606220000,25.2716990000,2.7849200000),(51,70,1.9128080000,0.0536430000,5.9827710000,15.9284470000,8.0171940000,26.5783970000,1.9128080000),(52,71,1.9084110000,0.0536400000,5.9321350000,16.1217150000,8.0225600000,27.1998160000,1.7195400000),(53,72,1.9040240000,0.0536370000,5.8819270000,16.3145380000,8.0279250000,27.8159750000,1.5267170000),(54,73,1.8996470000,0.0536340000,5.8321440000,16.5069190000,8.0332910000,28.4269190000,1.3343360000),(55,74,1.8952800000,0.0536310000,5.7827830000,16.6988570000,8.0386550000,29.0326920000,1.1423980000),(56,75,1.8909230000,0.0536280000,5.7338390000,16.8903540000,8.0440200000,29.6333380000,0.9509010000),(57,76,1.8865760000,0.0536250000,5.6853090000,17.0814110000,8.0493840000,30.2289010000,0.7598450000),(58,77,1.8822390000,0.0536220000,5.6371910000,17.2720280000,8.0547480000,30.8194220000,0.5692270000),(59,78,1.8779120000,0.0536180000,5.5894790000,17.4622070000,8.0601110000,31.4049460000,0.3790480000),(60,79,1.8735950000,0.0536150000,5.5421720000,17.6519490000,8.0654750000,31.9855140000,0.1893060000),(61,80,1.8692880000,0.0536120000,5.4952640000,17.8412550000,8.0708380000,32.5611690000,0.0000000000);
/*!40000 ALTER TABLE `actionplan_backend_brca2ovarine` ENABLE KEYS */;
UNLOCK TABLES;

--
-- Table structure for table `actionplan_backend_palb2breast`
--

DROP TABLE IF EXISTS `actionplan_backend_palb2breast`;
/*!40101 SET @saved_cs_client     = @@character_set_client */;
/*!50503 SET character_set_client = utf8mb4 */;
CREATE TABLE `actionplan_backend_palb2breast` (
  `id` bigint NOT NULL AUTO_INCREMENT,
  `age` int DEFAULT NULL,
  `averageTen` decimal(20,10) DEFAULT NULL,
  `lowerCentile` decimal(20,10) DEFAULT NULL,
  `upperCentile` decimal(20,10) DEFAULT NULL,
  `averageLifetime` decimal(20,10) DEFAULT NULL,
  `lowerCentileLifetime` decimal(20,10) DEFAULT NULL,
  `upperCentileLifetime` decimal(20,10) DEFAULT NULL,
  `residualLifetime` decimal(20,10) DEFAULT NULL,
  PRIMARY KEY (`id`)
) ENGINE=InnoDB AUTO_INCREMENT=62 DEFAULT CHARSET=utf8mb4 COLLATE=utf8mb4_0900_ai_ci;
/*!40101 SET character_set_client = @saved_cs_client */;

--
-- Dumping data for table `actionplan_backend_palb2breast`
--

LOCK TABLES `actionplan_backend_palb2breast` WRITE;
/*!40000 ALTER TABLE `actionplan_backend_palb2breast` DISABLE KEYS */;
INSERT INTO `actionplan_backend_palb2breast` VALUES (1,20,0.9138540000,0.5719930000,1.3607100000,0.0156780000,0.0097990000,0.0233880000,53.3490010000),(2,21,1.2012420000,0.7522750000,1.7873720000,0.0310270000,0.0193930000,0.0462860000,53.3336510000),(3,22,1.4817540000,0.9284560000,2.2031650000,0.0460560000,0.0287860000,0.0687020000,53.3186230000),(4,23,1.7555730000,1.1006370000,2.6084080000,0.0607690000,0.0379840000,0.0906470000,53.3039090000),(5,24,2.0228760000,1.2689150000,3.0034060000,0.0751750000,0.0469900000,0.1121320000,53.2895030000),(6,25,2.5520880000,1.6028630000,3.7829910000,0.1888870000,0.1180800000,0.2817070000,53.1757910000),(7,26,3.0662940000,1.9282940000,4.5375520000,0.3001100000,0.1876440000,0.4474770000,53.0645690000),(8,27,3.5659970000,2.2454540000,5.2680570000,0.4088990000,0.2557140000,0.6095320000,52.9557790000),(9,28,4.0516810000,2.5545850000,5.9754290000,0.5153120000,0.3223250000,0.7679620000,52.8493660000),(10,29,4.5238080000,2.8559170000,6.6605490000,0.6194020000,0.3875070000,0.9228510000,52.7452760000),(11,30,5.3741590000,3.4014620000,7.8860010000,0.9295320000,0.5817920000,1.3840980000,52.4351460000),(12,31,6.1938840000,3.9305020000,9.0579440000,1.2322690000,0.7716670000,1.8336570000,52.1324090000),(13,32,6.9843130000,4.4436320000,10.1791640000,1.5278100000,0.9572420000,2.2718670000,51.8368690000),(14,33,7.7467070000,4.9414220000,11.2522750000,1.8163430000,1.1386210000,2.6990550000,51.5483360000),(15,34,8.4822650000,5.4244190000,12.2797380000,2.0980510000,1.3159050000,3.1155370000,51.2666270000),(16,35,9.3864040000,6.0278200000,13.5142490000,2.7409750000,1.7209440000,4.0646980000,50.6237030000),(17,36,10.2496790000,6.6096330000,14.6770200000,3.3664030000,2.1159380000,4.9850290000,49.9982750000),(18,37,11.0742560000,7.1707810000,15.7727190000,3.9748970000,2.5011690000,5.8775890000,49.3897820000),(19,38,11.8621690000,7.7121440000,16.8056750000,4.5669930000,2.8769090000,6.7433900000,48.7976860000),(20,39,12.6153310000,8.2345570000,17.7799040000,5.1432090000,3.2434240000,7.5834010000,48.2214690000),(21,40,13.0399120000,8.5610490000,18.2391850000,6.3036900000,3.9832540000,9.2700990000,47.0609880000),(22,41,13.4396570000,8.8737180000,18.6586470000,7.4261530000,4.7021690000,10.8916010000,45.9385250000),(23,42,13.8161320000,9.1732450000,19.0415000000,8.5121220000,5.4008740000,12.4510310000,44.8525560000),(24,43,14.1707920000,9.4602740000,19.3906840000,9.5630500000,6.0800430000,13.9513300000,43.8016290000),(25,44,14.5049960000,9.7354110000,19.7088960000,10.5803160000,6.7403230000,15.3952750000,42.7843620000),(26,45,14.3682730000,9.7097390000,19.3478250000,12.1273790000,7.7487640000,17.5789470000,41.2372990000),(27,46,14.2346030000,9.6839550000,18.9993240000,13.6160820000,8.7255700000,19.6620490000,39.7485960000),(28,47,14.1039460000,9.6581050000,18.6629070000,15.0491520000,9.6719490000,21.6503080000,38.3155260000),(29,48,13.9762620000,9.6322320000,18.3381050000,16.4291610000,10.5890530000,23.5490650000,36.9355170000),(30,49,13.8515080000,9.6063720000,18.0244690000,17.7585410000,11.4779810000,25.3633050000,35.6061380000),(31,50,13.7453800000,9.6066490000,17.7048410000,19.3436020000,12.5443030000,27.5092840000,34.0210760000),(32,51,13.6400540000,9.6053820000,17.3945800000,20.8658100000,13.5758870000,29.5502480000,32.4988680000),(33,52,13.5356690000,9.6027030000,17.0934990000,22.3282540000,14.5741190000,31.4925300000,31.0364240000),(34,53,13.4323430000,9.5987370000,16.8013950000,23.7338420000,15.5403170000,33.3420140000,29.6308370000),(35,54,13.3301790000,9.5935970000,16.5180610000,25.0853120000,16.4757350000,35.1041710000,28.2793660000),(36,55,13.2600030000,9.6163530000,16.2660040000,26.4956520000,17.4585030000,36.9267720000,26.8690260000),(37,56,13.1887270000,9.6365680000,16.0193830000,27.8506850000,18.4095260000,38.6613730000,25.5139930000),(38,57,13.1166050000,9.6544260000,15.7782800000,29.1530980000,19.3300550000,40.3132150000,24.2115800000),(39,58,13.0438660000,9.6700990000,15.5427450000,30.4054240000,20.2212850000,41.8871700000,22.9592540000),(40,59,12.9707140000,9.6837470000,15.3127980000,31.6100480000,21.0843530000,43.3877740000,21.7546300000),(41,60,12.4824640000,9.3906520000,14.5878240000,33.0889820000,22.1509510000,45.2141250000,20.2756960000),(42,61,12.0183370000,9.1093020000,13.9068500000,34.5058640000,23.1812690000,46.9448290000,18.8588140000),(43,62,11.5769030000,8.8391270000,13.2667220000,35.8639230000,24.1768230000,48.5860290000,17.5007550000),(44,63,11.1568330000,8.5795910000,12.6645430000,37.1661840000,25.1390540000,50.1434100000,16.1984940000),(45,64,10.7568840000,8.3301880000,12.0976510000,38.4154910000,26.0693320000,51.6222320000,14.9491870000),(46,65,10.1822950000,7.9422190000,11.3423260000,39.7556550000,27.0748560000,53.1927760000,13.6090230000),(47,66,9.6369120000,7.5700120000,10.6346860000,41.0394120000,28.0460930000,54.6807560000,12.3252660000),(48,67,9.1189860000,7.2127980000,9.9712580000,42.2697030000,28.9844810000,56.0914950000,11.0949750000),(49,68,8.6268860000,6.8698550000,9.3488520000,43.4492900000,29.8913840000,57.4299150000,9.9153890000),(50,69,8.1590930000,6.5404970000,8.7645370000,44.5807620000,30.7681000000,58.7005710000,8.7839160000),(51,70,7.7932320000,6.2850190000,8.3048550000,45.5714460000,31.5416030000,59.8019500000,7.7932320000),(52,71,7.4442260000,6.0391210000,7.8710930000,46.5242010000,32.2905710000,60.8516790000,6.8404770000),(53,72,7.1111510000,5.8023710000,7.4615380000,47.4408260000,33.0159500000,61.8527510000,5.9238520000),(54,73,6.7931380000,5.5743600000,7.0746070000,48.3230170000,33.7186450000,62.8079520000,5.0416610000),(55,74,6.4893750000,5.3546980000,6.7088330000,49.1723760000,34.3995190000,63.7198830000,4.1923030000),(56,75,6.2503510000,5.1843090000,6.4175150000,49.9379500000,35.0170750000,64.5351020000,3.4267280000),(57,76,6.0214620000,5.0199040000,6.1411000000,50.6763240000,35.6161050000,65.3154420000,2.6883550000),(58,77,5.8021920000,4.8612290000,5.8786820000,51.3886890000,36.1972790000,66.0627530000,1.9759890000),(59,78,5.5920560000,4.7080440000,5.6294170000,52.0761760000,36.7612380000,66.7787670000,1.2885020000),(60,79,5.3905940000,4.5601200000,5.3925220000,52.7398550000,37.3085970000,67.4651090000,0.6248230000),(61,80,5.2134420000,4.4305590000,5.1837650000,53.3646780000,37.8266230000,68.1068040000,0.0000000000);
/*!40000 ALTER TABLE `actionplan_backend_palb2breast` ENABLE KEYS */;
UNLOCK TABLES;

--
-- Table structure for table `actionplan_backend_palb2ovarine`
--

DROP TABLE IF EXISTS `actionplan_backend_palb2ovarine`;
/*!40101 SET @saved_cs_client     = @@character_set_client */;
/*!50503 SET character_set_client = utf8mb4 */;
CREATE TABLE `actionplan_backend_palb2ovarine` (
  `id` bigint NOT NULL AUTO_INCREMENT,
  `age` int DEFAULT NULL,
  `averageTen` decimal(20,10) DEFAULT NULL,
  `lowerCentile` decimal(20,10) DEFAULT NULL,
  `upperCentile` decimal(20,10) DEFAULT NULL,
  `averageLifetime` decimal(20,10) DEFAULT NULL,
  `lowerCentileLifetime` decimal(20,10) DEFAULT NULL,
  `upperCentileLifetime` decimal(20,10) DEFAULT NULL,
  `residualLifetime` decimal(20,10) DEFAULT NULL,
  PRIMARY KEY (`id`)
) ENGINE=InnoDB AUTO_INCREMENT=62 DEFAULT CHARSET=utf8mb4 COLLATE=utf8mb4_0900_ai_ci;
/*!40101 SET character_set_client = @saved_cs_client */;

--
-- Dumping data for table `actionplan_backend_palb2ovarine`
--

LOCK TABLES `actionplan_backend_palb2ovarine` WRITE;
/*!40000 ALTER TABLE `actionplan_backend_palb2ovarine` DISABLE KEYS */;
INSERT INTO `actionplan_backend_palb2ovarine` VALUES (1,20,0.0595340000,0.0286510000,0.1234850000,0.0372240000,0.0179100000,0.0772490000,3.0436320000),(2,21,0.0629930000,0.0303170000,0.1306480000,0.0425550000,0.0204750000,0.0883090000,3.0383020000),(3,22,0.0664510000,0.0319820000,0.1378100000,0.0478850000,0.0230400000,0.0993670000,3.0329710000),(4,23,0.0699080000,0.0336480000,0.1449700000,0.0532160000,0.0256050000,0.1104250000,3.0276410000),(5,24,0.0733650000,0.0353130000,0.1521270000,0.0585450000,0.0281700000,0.1214810000,3.0223110000),(6,25,0.0799030000,0.0384610000,0.1656680000,0.0644310000,0.0310020000,0.1336890000,3.0164260000),(7,26,0.0864390000,0.0416090000,0.1792030000,0.0703160000,0.0338350000,0.1458960000,3.0105410000),(8,27,0.0929740000,0.0447570000,0.1927340000,0.0762000000,0.0366670000,0.1581010000,3.0046560000),(9,28,0.0995090000,0.0479050000,0.2062590000,0.0820850000,0.0394990000,0.1703040000,2.9987720000),(10,29,0.1060410000,0.0510520000,0.2197790000,0.0879690000,0.0423310000,0.1825060000,2.9928880000),(11,30,0.1160560000,0.0558770000,0.2405000000,0.0967590000,0.0465620000,0.2007330000,2.9840980000),(12,31,0.1260670000,0.0607020000,0.2612090000,0.1055480000,0.0507920000,0.2189570000,2.9753090000),(13,32,0.1360760000,0.0655260000,0.2819070000,0.1143360000,0.0550230000,0.2371770000,2.9665210000),(14,33,0.1460820000,0.0703490000,0.3025930000,0.1231240000,0.0592530000,0.2553940000,2.9577330000),(15,34,0.1560850000,0.0751710000,0.3232660000,0.1319100000,0.0634830000,0.2736080000,2.9489460000),(16,35,0.1770690000,0.0852860000,0.3666430000,0.1443340000,0.0694640000,0.2993570000,2.9365230000),(17,36,0.1980430000,0.0954000000,0.4099780000,0.1567550000,0.0754440000,0.3250990000,2.9241020000),(18,37,0.2190080000,0.1055110000,0.4532710000,0.1691750000,0.0814240000,0.3508340000,2.9116820000),(19,38,0.2399630000,0.1156190000,0.4965230000,0.1815930000,0.0874040000,0.3765630000,2.8992630000),(20,39,0.2609090000,0.1257260000,0.5397340000,0.1940100000,0.0933830000,0.4022850000,2.8868470000),(21,40,0.2888560000,0.1392150000,0.5973480000,0.2128140000,0.1024390000,0.4412330000,2.8680420000),(22,41,0.3167840000,0.1527000000,0.6548830000,0.2316150000,0.1114940000,0.4801670000,2.8492420000),(23,42,0.3446950000,0.1661810000,0.7123390000,0.2504120000,0.1205480000,0.5190840000,2.8304450000),(24,43,0.3725870000,0.1796580000,0.7697160000,0.2692050000,0.1296010000,0.5579870000,2.8116510000),(25,44,0.4004600000,0.1931310000,0.8270150000,0.2879950000,0.1386540000,0.5968740000,2.7928620000),(26,45,0.4255660000,0.2052860000,0.8784390000,0.3214020000,0.1547500000,0.6659990000,2.7594540000),(27,46,0.4506480000,0.2174360000,0.9297640000,0.3547980000,0.1708440000,0.7350760000,2.7260590000),(28,47,0.4757060000,0.2295800000,0.9809890000,0.3881830000,0.1869350000,0.8041050000,2.6926740000),(29,48,0.5007420000,0.2417190000,1.0321160000,0.4215560000,0.2030230000,0.8730860000,2.6593000000),(30,49,0.5257540000,0.2538520000,1.0831430000,0.4549190000,0.2191090000,0.9420190000,2.6259380000),(31,50,0.5529140000,0.2670480000,1.1383720000,0.5016700000,0.2416540000,1.0385810000,2.5791870000),(32,51,0.5800400000,0.2802360000,1.1934600000,0.5483990000,0.2641940000,1.1350490000,2.5324570000),(33,52,0.6071330000,0.2934160000,1.2484070000,0.5951070000,0.2867300000,1.2314230000,2.4857500000),(34,53,0.6341930000,0.3065880000,1.3032130000,0.6417920000,0.3092600000,1.3277030000,2.4390650000),(35,54,0.6612190000,0.3197520000,1.3578790000,0.6884550000,0.3317840000,1.4238890000,2.3924010000),(36,55,0.6979820000,0.3376620000,1.4322130000,0.7469680000,0.3600360000,1.5444380000,2.3338890000),(37,56,0.7346880000,0.3555590000,1.5063030000,0.8054460000,0.3882790000,1.6648400000,2.2754110000),(38,57,0.7713350000,0.3734420000,1.5801510000,0.8638890000,0.4165150000,1.7850940000,2.2169670000),(39,58,0.8079260000,0.3913110000,1.6537570000,0.9222980000,0.4447420000,1.9052020000,2.1585580000),(40,59,0.8444590000,0.4091670000,1.7271210000,0.9806730000,0.4729620000,2.0251630000,2.1001840000),(41,60,0.8747140000,0.4240220000,1.7872910000,1.0545840000,0.5087020000,2.1769530000,2.0262730000),(42,61,0.9049130000,0.4388630000,1.8472300000,1.1284390000,0.5444300000,2.3285090000,1.9524180000),(43,62,0.9350570000,0.4536920000,1.9069380000,1.2022390000,0.5801450000,2.4798300000,1.8786170000),(44,63,0.9651450000,0.4685070000,1.9664160000,1.2759850000,0.6158470000,2.6309160000,1.8048720000),(45,64,0.9951790000,0.4833100000,2.0256630000,1.3496750000,0.6515370000,2.7817680000,1.7311820000),(46,65,1.0203110000,0.4957940000,2.0743970000,1.4449500000,0.6976980000,2.9766510000,1.6359070000),(47,66,1.0453870000,0.5082660000,2.1228980000,1.5401330000,0.7438380000,3.1711430000,1.5407230000),(48,67,1.0704070000,0.5207240000,2.1711670000,1.6352250000,0.7899560000,3.3652450000,1.4456320000),(49,68,1.0953710000,0.5331680000,2.2192050000,1.7302240000,0.8360530000,3.5589590000,1.3506320000),(50,69,1.1202780000,0.5456000000,2.2670120000,1.8251320000,0.8821290000,3.7522830000,1.2557250000),(51,70,1.1515600000,0.5611870000,2.3272800000,1.9292970000,0.9327240000,3.9642450000,1.1515600000),(52,71,1.1827630000,0.5767550000,2.3872270000,2.0333520000,0.9832930000,4.1757390000,1.0475050000),(53,72,1.2138870000,0.5923050000,2.4468530000,2.1372960000,1.0338370000,4.3867680000,0.9435610000),(54,73,1.2449340000,0.6078370000,2.5061590000,2.2411300000,1.0843550000,4.5973310000,0.8397270000),(55,74,1.2759020000,0.6233500000,2.5651480000,2.3448540000,1.1348460000,4.8074320000,0.7360030000),(56,75,1.3038870000,0.6374750000,2.6175440000,2.4652610000,1.1934920000,5.0510480000,0.6155950000),(57,76,1.3317910000,0.6515810000,2.6696180000,2.5855210000,1.2521040000,5.2940410000,0.4953360000),(58,77,1.3596150000,0.6656680000,2.7213710000,2.7056320000,1.3106800000,5.5364120000,0.3752250000),(59,78,1.3873600000,0.6797350000,2.7728040000,2.8255950000,1.3692220000,5.7781630000,0.2552620000),(60,79,1.4150250000,0.6937840000,2.8239190000,2.9454100000,1.4277280000,6.0192950000,0.1354470000),(61,80,1.4235170000,0.6984720000,2.8364450000,3.0808570000,1.4939110000,6.2915250000,0.0000000000);
/*!40000 ALTER TABLE `actionplan_backend_palb2ovarine` ENABLE KEYS */;
UNLOCK TABLES;

--
-- Table structure for table `auth_group`
--

DROP TABLE IF EXISTS `auth_group`;
/*!40101 SET @saved_cs_client     = @@character_set_client */;
/*!50503 SET character_set_client = utf8mb4 */;
CREATE TABLE `auth_group` (
  `id` int NOT NULL AUTO_INCREMENT,
  `name` varchar(150) NOT NULL,
  PRIMARY KEY (`id`),
  UNIQUE KEY `name` (`name`)
) ENGINE=InnoDB DEFAULT CHARSET=utf8mb4 COLLATE=utf8mb4_0900_ai_ci;
/*!40101 SET character_set_client = @saved_cs_client */;

--
-- Dumping data for table `auth_group`
--

LOCK TABLES `auth_group` WRITE;
/*!40000 ALTER TABLE `auth_group` DISABLE KEYS */;
/*!40000 ALTER TABLE `auth_group` ENABLE KEYS */;
UNLOCK TABLES;

--
-- Table structure for table `auth_group_permissions`
--

DROP TABLE IF EXISTS `auth_group_permissions`;
/*!40101 SET @saved_cs_client     = @@character_set_client */;
/*!50503 SET character_set_client = utf8mb4 */;
CREATE TABLE `auth_group_permissions` (
  `id` bigint NOT NULL AUTO_INCREMENT,
  `group_id` int NOT NULL,
  `permission_id` int NOT NULL,
  PRIMARY KEY (`id`),
  UNIQUE KEY `auth_group_permissions_group_id_permission_id_0cd325b0_uniq` (`group_id`,`permission_id`),
  KEY `auth_group_permissio_permission_id_84c5c92e_fk_auth_perm` (`permission_id`),
  CONSTRAINT `auth_group_permissio_permission_id_84c5c92e_fk_auth_perm` FOREIGN KEY (`permission_id`) REFERENCES `auth_permission` (`id`),
  CONSTRAINT `auth_group_permissions_group_id_b120cbf9_fk_auth_group_id` FOREIGN KEY (`group_id`) REFERENCES `auth_group` (`id`)
) ENGINE=InnoDB DEFAULT CHARSET=utf8mb4 COLLATE=utf8mb4_0900_ai_ci;
/*!40101 SET character_set_client = @saved_cs_client */;

--
-- Dumping data for table `auth_group_permissions`
--

LOCK TABLES `auth_group_permissions` WRITE;
/*!40000 ALTER TABLE `auth_group_permissions` DISABLE KEYS */;
/*!40000 ALTER TABLE `auth_group_permissions` ENABLE KEYS */;
UNLOCK TABLES;

--
-- Table structure for table `auth_permission`
--

DROP TABLE IF EXISTS `auth_permission`;
/*!40101 SET @saved_cs_client     = @@character_set_client */;
/*!50503 SET character_set_client = utf8mb4 */;
CREATE TABLE `auth_permission` (
  `id` int NOT NULL AUTO_INCREMENT,
  `name` varchar(255) NOT NULL,
  `content_type_id` int NOT NULL,
  `codename` varchar(100) NOT NULL,
  PRIMARY KEY (`id`),
  UNIQUE KEY `auth_permission_content_type_id_codename_01ab375a_uniq` (`content_type_id`,`codename`),
  CONSTRAINT `auth_permission_content_type_id_2f476e4b_fk_django_co` FOREIGN KEY (`content_type_id`) REFERENCES `django_content_type` (`id`)
) ENGINE=InnoDB AUTO_INCREMENT=49 DEFAULT CHARSET=utf8mb4 COLLATE=utf8mb4_0900_ai_ci;
/*!40101 SET character_set_client = @saved_cs_client */;

--
-- Dumping data for table `auth_permission`
--

LOCK TABLES `auth_permission` WRITE;
/*!40000 ALTER TABLE `auth_permission` DISABLE KEYS */;
INSERT INTO `auth_permission` VALUES (1,'Can add log entry',1,'add_logentry'),(2,'Can change log entry',1,'change_logentry'),(3,'Can delete log entry',1,'delete_logentry'),(4,'Can view log entry',1,'view_logentry'),(5,'Can add permission',2,'add_permission'),(6,'Can change permission',2,'change_permission'),(7,'Can delete permission',2,'delete_permission'),(8,'Can view permission',2,'view_permission'),(9,'Can add group',3,'add_group'),(10,'Can change group',3,'change_group'),(11,'Can delete group',3,'delete_group'),(12,'Can view group',3,'view_group'),(13,'Can add user',4,'add_user'),(14,'Can change user',4,'change_user'),(15,'Can delete user',4,'delete_user'),(16,'Can view user',4,'view_user'),(17,'Can add content type',5,'add_contenttype'),(18,'Can change content type',5,'change_contenttype'),(19,'Can delete content type',5,'delete_contenttype'),(20,'Can view content type',5,'view_contenttype'),(21,'Can add session',6,'add_session'),(22,'Can change session',6,'change_session'),(23,'Can delete session',6,'delete_session'),(24,'Can view session',6,'view_session'),(25,'Can add brc a1 breast',7,'add_brca1breast'),(26,'Can change brc a1 breast',7,'change_brca1breast'),(27,'Can delete brc a1 breast',7,'delete_brca1breast'),(28,'Can view brc a1 breast',7,'view_brca1breast'),(29,'Can add brc a1 ovarine',8,'add_brca1ovarine'),(30,'Can change brc a1 ovarine',8,'change_brca1ovarine'),(31,'Can delete brc a1 ovarine',8,'delete_brca1ovarine'),(32,'Can view brc a1 ovarine',8,'view_brca1ovarine'),(33,'Can add brc a2 breast',9,'add_brca2breast'),(34,'Can change brc a2 breast',9,'change_brca2breast'),(35,'Can delete brc a2 breast',9,'delete_brca2breast'),(36,'Can view brc a2 breast',9,'view_brca2breast'),(37,'Can add brc a2 ovarine',10,'add_brca2ovarine'),(38,'Can change brc a2 ovarine',10,'change_brca2ovarine'),(39,'Can delete brc a2 ovarine',10,'delete_brca2ovarine'),(40,'Can view brc a2 ovarine',10,'view_brca2ovarine'),(41,'Can add pal b2 breast',11,'add_palb2breast'),(42,'Can change pal b2 breast',11,'change_palb2breast'),(43,'Can delete pal b2 breast',11,'delete_palb2breast'),(44,'Can view pal b2 breast',11,'view_palb2breast'),(45,'Can add pal b2 ovarine',12,'add_palb2ovarine'),(46,'Can change pal b2 ovarine',12,'change_palb2ovarine'),(47,'Can delete pal b2 ovarine',12,'delete_palb2ovarine'),(48,'Can view pal b2 ovarine',12,'view_palb2ovarine');
/*!40000 ALTER TABLE `auth_permission` ENABLE KEYS */;
UNLOCK TABLES;

--
-- Table structure for table `auth_user`
--

DROP TABLE IF EXISTS `auth_user`;
/*!40101 SET @saved_cs_client     = @@character_set_client */;
/*!50503 SET character_set_client = utf8mb4 */;
CREATE TABLE `auth_user` (
  `id` int NOT NULL AUTO_INCREMENT,
  `password` varchar(128) NOT NULL,
  `last_login` datetime(6) DEFAULT NULL,
  `is_superuser` tinyint(1) NOT NULL,
  `username` varchar(150) NOT NULL,
  `first_name` varchar(150) NOT NULL,
  `last_name` varchar(150) NOT NULL,
  `email` varchar(254) NOT NULL,
  `is_staff` tinyint(1) NOT NULL,
  `is_active` tinyint(1) NOT NULL,
  `date_joined` datetime(6) NOT NULL,
  PRIMARY KEY (`id`),
  UNIQUE KEY `username` (`username`)
) ENGINE=InnoDB AUTO_INCREMENT=2 DEFAULT CHARSET=utf8mb4 COLLATE=utf8mb4_0900_ai_ci;
/*!40101 SET character_set_client = @saved_cs_client */;

--
-- Dumping data for table `auth_user`
--

LOCK TABLES `auth_user` WRITE;
/*!40000 ALTER TABLE `auth_user` DISABLE KEYS */;
INSERT INTO `auth_user` VALUES (1,'pbkdf2_sha256$600000$n8gF99BpH970zBCVhbfxkc$GwYowfkqO/am3J95Dul4AY1L3Yd+S1tY++ZFJ1tmLDg=',NULL,1,'admin','','','',1,1,'2023-09-15 15:01:36.151300');
/*!40000 ALTER TABLE `auth_user` ENABLE KEYS */;
UNLOCK TABLES;

--
-- Table structure for table `auth_user_groups`
--

DROP TABLE IF EXISTS `auth_user_groups`;
/*!40101 SET @saved_cs_client     = @@character_set_client */;
/*!50503 SET character_set_client = utf8mb4 */;
CREATE TABLE `auth_user_groups` (
  `id` bigint NOT NULL AUTO_INCREMENT,
  `user_id` int NOT NULL,
  `group_id` int NOT NULL,
  PRIMARY KEY (`id`),
  UNIQUE KEY `auth_user_groups_user_id_group_id_94350c0c_uniq` (`user_id`,`group_id`),
  KEY `auth_user_groups_group_id_97559544_fk_auth_group_id` (`group_id`),
  CONSTRAINT `auth_user_groups_group_id_97559544_fk_auth_group_id` FOREIGN KEY (`group_id`) REFERENCES `auth_group` (`id`),
  CONSTRAINT `auth_user_groups_user_id_6a12ed8b_fk_auth_user_id` FOREIGN KEY (`user_id`) REFERENCES `auth_user` (`id`)
) ENGINE=InnoDB DEFAULT CHARSET=utf8mb4 COLLATE=utf8mb4_0900_ai_ci;
/*!40101 SET character_set_client = @saved_cs_client */;

--
-- Dumping data for table `auth_user_groups`
--

LOCK TABLES `auth_user_groups` WRITE;
/*!40000 ALTER TABLE `auth_user_groups` DISABLE KEYS */;
/*!40000 ALTER TABLE `auth_user_groups` ENABLE KEYS */;
UNLOCK TABLES;

--
-- Table structure for table `auth_user_user_permissions`
--

DROP TABLE IF EXISTS `auth_user_user_permissions`;
/*!40101 SET @saved_cs_client     = @@character_set_client */;
/*!50503 SET character_set_client = utf8mb4 */;
CREATE TABLE `auth_user_user_permissions` (
  `id` bigint NOT NULL AUTO_INCREMENT,
  `user_id` int NOT NULL,
  `permission_id` int NOT NULL,
  PRIMARY KEY (`id`),
  UNIQUE KEY `auth_user_user_permissions_user_id_permission_id_14a6b632_uniq` (`user_id`,`permission_id`),
  KEY `auth_user_user_permi_permission_id_1fbb5f2c_fk_auth_perm` (`permission_id`),
  CONSTRAINT `auth_user_user_permi_permission_id_1fbb5f2c_fk_auth_perm` FOREIGN KEY (`permission_id`) REFERENCES `auth_permission` (`id`),
  CONSTRAINT `auth_user_user_permissions_user_id_a95ead1b_fk_auth_user_id` FOREIGN KEY (`user_id`) REFERENCES `auth_user` (`id`)
) ENGINE=InnoDB DEFAULT CHARSET=utf8mb4 COLLATE=utf8mb4_0900_ai_ci;
/*!40101 SET character_set_client = @saved_cs_client */;

--
-- Dumping data for table `auth_user_user_permissions`
--

LOCK TABLES `auth_user_user_permissions` WRITE;
/*!40000 ALTER TABLE `auth_user_user_permissions` DISABLE KEYS */;
/*!40000 ALTER TABLE `auth_user_user_permissions` ENABLE KEYS */;
UNLOCK TABLES;

--
-- Table structure for table `django_admin_log`
--

DROP TABLE IF EXISTS `django_admin_log`;
/*!40101 SET @saved_cs_client     = @@character_set_client */;
/*!50503 SET character_set_client = utf8mb4 */;
CREATE TABLE `django_admin_log` (
  `id` int NOT NULL AUTO_INCREMENT,
  `action_time` datetime(6) NOT NULL,
  `object_id` longtext,
  `object_repr` varchar(200) NOT NULL,
  `action_flag` smallint unsigned NOT NULL,
  `change_message` longtext NOT NULL,
  `content_type_id` int DEFAULT NULL,
  `user_id` int NOT NULL,
  PRIMARY KEY (`id`),
  KEY `django_admin_log_content_type_id_c4bce8eb_fk_django_co` (`content_type_id`),
  KEY `django_admin_log_user_id_c564eba6_fk_auth_user_id` (`user_id`),
  CONSTRAINT `django_admin_log_content_type_id_c4bce8eb_fk_django_co` FOREIGN KEY (`content_type_id`) REFERENCES `django_content_type` (`id`),
  CONSTRAINT `django_admin_log_user_id_c564eba6_fk_auth_user_id` FOREIGN KEY (`user_id`) REFERENCES `auth_user` (`id`),
  CONSTRAINT `django_admin_log_chk_1` CHECK ((`action_flag` >= 0))
) ENGINE=InnoDB DEFAULT CHARSET=utf8mb4 COLLATE=utf8mb4_0900_ai_ci;
/*!40101 SET character_set_client = @saved_cs_client */;

--
-- Dumping data for table `django_admin_log`
--

LOCK TABLES `django_admin_log` WRITE;
/*!40000 ALTER TABLE `django_admin_log` DISABLE KEYS */;
/*!40000 ALTER TABLE `django_admin_log` ENABLE KEYS */;
UNLOCK TABLES;

--
-- Table structure for table `django_content_type`
--

DROP TABLE IF EXISTS `django_content_type`;
/*!40101 SET @saved_cs_client     = @@character_set_client */;
/*!50503 SET character_set_client = utf8mb4 */;
CREATE TABLE `django_content_type` (
  `id` int NOT NULL AUTO_INCREMENT,
  `app_label` varchar(100) NOT NULL,
  `model` varchar(100) NOT NULL,
  PRIMARY KEY (`id`),
  UNIQUE KEY `django_content_type_app_label_model_76bd3d3b_uniq` (`app_label`,`model`)
) ENGINE=InnoDB AUTO_INCREMENT=13 DEFAULT CHARSET=utf8mb4 COLLATE=utf8mb4_0900_ai_ci;
/*!40101 SET character_set_client = @saved_cs_client */;

--
-- Dumping data for table `django_content_type`
--

LOCK TABLES `django_content_type` WRITE;
/*!40000 ALTER TABLE `django_content_type` DISABLE KEYS */;
INSERT INTO `django_content_type` VALUES (7,'actionplan_backend','brca1breast'),(8,'actionplan_backend','brca1ovarine'),(9,'actionplan_backend','brca2breast'),(10,'actionplan_backend','brca2ovarine'),(11,'actionplan_backend','palb2breast'),(12,'actionplan_backend','palb2ovarine'),(1,'admin','logentry'),(3,'auth','group'),(2,'auth','permission'),(4,'auth','user'),(5,'contenttypes','contenttype'),(6,'sessions','session');
/*!40000 ALTER TABLE `django_content_type` ENABLE KEYS */;
UNLOCK TABLES;

--
-- Table structure for table `django_migrations`
--

DROP TABLE IF EXISTS `django_migrations`;
/*!40101 SET @saved_cs_client     = @@character_set_client */;
/*!50503 SET character_set_client = utf8mb4 */;
CREATE TABLE `django_migrations` (
  `id` bigint NOT NULL AUTO_INCREMENT,
  `app` varchar(255) NOT NULL,
  `name` varchar(255) NOT NULL,
  `applied` datetime(6) NOT NULL,
  PRIMARY KEY (`id`)
) ENGINE=InnoDB AUTO_INCREMENT=21 DEFAULT CHARSET=utf8mb4 COLLATE=utf8mb4_0900_ai_ci;
/*!40101 SET character_set_client = @saved_cs_client */;

--
-- Dumping data for table `django_migrations`
--

LOCK TABLES `django_migrations` WRITE;
/*!40000 ALTER TABLE `django_migrations` DISABLE KEYS */;
INSERT INTO `django_migrations` VALUES (1,'actionplan_backend','0001_initial','2023-09-15 15:01:14.109835'),(2,'contenttypes','0001_initial','2023-09-15 15:01:14.127852'),(3,'auth','0001_initial','2023-09-15 15:01:14.298007'),(4,'admin','0001_initial','2023-09-15 15:01:14.347052'),(5,'admin','0002_logentry_remove_auto_add','2023-09-15 15:01:14.351056'),(6,'admin','0003_logentry_add_action_flag_choices','2023-09-15 15:01:14.357061'),(7,'contenttypes','0002_remove_content_type_name','2023-09-15 15:01:14.391091'),(8,'auth','0002_alter_permission_name_max_length','2023-09-15 15:01:14.414113'),(9,'auth','0003_alter_user_email_max_length','2023-09-15 15:01:14.429126'),(10,'auth','0004_alter_user_username_opts','2023-09-15 15:01:14.435131'),(11,'auth','0005_alter_user_last_login_null','2023-09-15 15:01:14.457152'),(12,'auth','0006_require_contenttypes_0002','2023-09-15 15:01:14.459153'),(13,'auth','0007_alter_validators_add_error_messages','2023-09-15 15:01:14.464158'),(14,'auth','0008_alter_user_username_max_length','2023-09-15 15:01:14.488180'),(15,'auth','0009_alter_user_last_name_max_length','2023-09-15 15:01:14.529218'),(16,'auth','0010_alter_group_name_max_length','2023-09-15 15:01:14.539226'),(17,'auth','0011_update_proxy_permissions','2023-09-15 15:01:14.545232'),(18,'auth','0012_alter_user_first_name_max_length','2023-09-15 15:01:14.569254'),(19,'sessions','0001_initial','2023-09-15 15:01:14.584267'),(20,'actionplan_backend','0002_alter_brca1breast_age','2023-09-15 15:04:56.194414');
/*!40000 ALTER TABLE `django_migrations` ENABLE KEYS */;
UNLOCK TABLES;

--
-- Table structure for table `django_session`
--

DROP TABLE IF EXISTS `django_session`;
/*!40101 SET @saved_cs_client     = @@character_set_client */;
/*!50503 SET character_set_client = utf8mb4 */;
CREATE TABLE `django_session` (
  `session_key` varchar(40) NOT NULL,
  `session_data` longtext NOT NULL,
  `expire_date` datetime(6) NOT NULL,
  PRIMARY KEY (`session_key`),
  KEY `django_session_expire_date_a5c62663` (`expire_date`)
) ENGINE=InnoDB DEFAULT CHARSET=utf8mb4 COLLATE=utf8mb4_0900_ai_ci;
/*!40101 SET character_set_client = @saved_cs_client */;

--
-- Dumping data for table `django_session`
--

LOCK TABLES `django_session` WRITE;
/*!40000 ALTER TABLE `django_session` DISABLE KEYS */;
/*!40000 ALTER TABLE `django_session` ENABLE KEYS */;
UNLOCK TABLES;
/*!40103 SET TIME_ZONE=@OLD_TIME_ZONE */;

/*!40101 SET SQL_MODE=@OLD_SQL_MODE */;
/*!40014 SET FOREIGN_KEY_CHECKS=@OLD_FOREIGN_KEY_CHECKS */;
/*!40014 SET UNIQUE_CHECKS=@OLD_UNIQUE_CHECKS */;
/*!40101 SET CHARACTER_SET_CLIENT=@OLD_CHARACTER_SET_CLIENT */;
/*!40101 SET CHARACTER_SET_RESULTS=@OLD_CHARACTER_SET_RESULTS */;
/*!40101 SET COLLATION_CONNECTION=@OLD_COLLATION_CONNECTION */;
/*!40111 SET SQL_NOTES=@OLD_SQL_NOTES */;

-- Dump completed on 2023-09-16  0:37:03
